PERMNO,date,TICKER,COMNAM,CUSIP,BIDLO,ASKHI,PRC,VOL,BID,ASK,SHROUT,CFACPR
84415,20000929,CRYS,CRYSTAL SYSTEMS SOLUTIONS,M7037810,7.87500,9.12500,8.31250,3792,8.06250,8.43750,7000,0.25
84415,20001031,CRYS,CRYSTAL SYSTEMS SOLUTIONS,M7037810,5.62500,8.37500,5.62500,6116,5.50000,6.06250,7000,0.25
84415,20001130,CRYS,CRYSTAL SYSTEMS SOLUTIONS,M7037810,5.87500,7.75000,7.50000,10556,7.25000,7.50000,7000,0.25
84415,20001229,CRYS,CRYSTAL SYSTEMS SOLUTIONS,M7037810,7.06250,8.50000,7.25000,8695,6.75000,7.18750,7000,0.25
84415,20010131,CRYS,CRYSTAL SYSTEMS SOLUTIONS,M7037810,6.87500,8.37500,8.12500,4841,8.06250,8.18750,7000,0.25
84415,20010228,CRYS,CRYSTAL SYSTEMS SOLUTIONS,M7037810,7.37500,8.68750,7.37500,2384,7.37500,7.81250,7000,0.25
84415,20010330,CRYS,CRYSTAL SYSTEMS SOLUTIONS,M7037810,5.00000,7.56250,5.03125,2800,5.00000,5.18750,7000,0.25
84415,20010430,CRYS,CRYSTAL SYSTEMS SOLUTIONS,M7037810,4.45000,5.09375,4.95000,2122,4.71000,4.95000,7000,0.25
84415,20010531,CRYS,CRYSTAL SYSTEMS SOLUTIONS,M7037810,4.50000,5.50000,4.50000,2275,4.51000,4.55000,7000,0.25
84415,20010629,CRYS,CRYSTAL SYSTEMS SOLUTIONS,M7037810,3.87000,4.55000,3.91000,1824,3.88000,3.99000,7000,0.25
84415,20010731,CRYS,CRYSTAL SYSTEMS SOLUTIONS,M7037810,2.86000,4.18000,2.86000,3142,2.80000,3.00000,7000,0.25
84415,20010831,CRYS,CRYSTAL SYSTEMS SOLUTIONS,M7037810,2.05000,2.95000,2.25000,3641,2.15000,2.25000,7000,0.25
84415,20010928,CRYS,CRYSTAL SYSTEMS SOLUTIONS,M7037810,2.25000,3.10000,3.10000,1881,2.90000,3.10000,7000,0.25
84415,20011031,CRYS,CRYSTAL SYSTEMS SOLUTIONS,M7037810,2.21000,3.00000,2.25000,1416,2.13000,2.25000,7000,0.25
84415,20011130,CRYS,CRYSTAL SYSTEMS SOLUTIONS,M7037810,2.05000,2.75000,2.75000,2311,2.65000,2.75000,7000,0.25
84415,20011231,CRYS,CRYSTAL SYSTEMS SOLUTIONS,M7037810,2.75000,3.80000,3.80000,5513,3.75000,3.86000,9985,0.25
84415,20020131,CRYS,CRYSTAL SYSTEMS SOLUTIONS,M7037810,3.80000,4.15000,3.86000,2725,3.85000,4.00000,9985,0.25
84415,20020228,CRYS,CRYSTAL SYSTEMS SOLUTIONS,M7037810,3.50000,4.05000,3.91000,696,3.91000,4.00000,9985,0.25
84415,20020328,CRYS,CRYSTAL SYSTEMS SOLUTIONS,M7037810,-3.76000,4.03000,3.83000,694,3.83000,3.90000,10018,0.25
84415,20020430,CRYS,CRYSTAL SYSTEMS SOLUTIONS,M7037810,3.41000,4.00000,-3.58500,522,3.40000,3.77000,10018,0.25
84415,20020531,CRYS,CRYSTAL SYSTEMS SOLUTIONS,M7037810,3.15000,3.73000,3.15000,1362,3.15000,3.42000,10018,0.25
84415,20020628,CRYS,CRYSTAL SYSTEMS SOLUTIONS,M7037810,2.80000,3.27000,3.23000,2382,3.23000,3.37000,10075,0.25
84415,20020731,CRYS,CRYSTAL SYSTEMS SOLUTIONS,M7037810,2.44000,3.00000,2.80000,423,2.80000,2.82000,10075,0.25
84415,20020830,CRYS,CRYSTAL SYSTEMS SOLUTIONS,M7037810,2.26000,2.90000,2.50000,935,2.26000,2.56000,10075,0.25
84415,20020930,CRYS,CRYSTAL SYSTEMS SOLUTIONS,M7037810,2.24000,2.74890,2.38000,529,2.15000,2.25000,10075,0.25
84415,20021031,CRYS,CRYSTAL SYSTEMS SOLUTIONS,M7037810,2.02000,2.38000,2.06880,2494,2.03000,2.10000,10075,0.25
84415,20021129,CRYS,CRYSTAL SYSTEMS SOLUTIONS,M7037810,2.00000,2.38000,2.20000,2471,2.18000,2.20000,10075,0.25
84415,20021231,CRYS,CRYSTAL SYSTEMS SOLUTIONS,M7037810,2.12000,2.35000,2.30000,2352,2.05000,2.13000,13449,0.25
84415,20030131,CRYS,CRYSTAL SYSTEMS SOLUTIONS,M7037810,2.10000,2.41000,2.24000,2038,2.11000,2.24000,13449,0.25
84415,20030228,CRYS,CRYSTAL SYSTEMS SOLUTIONS,M7037810,2.10000,2.30000,-2.16500,487,2.13000,2.20000,13449,0.25
84415,20030331,CRYS,CRYSTAL SYSTEMS SOLUTIONS,M7037810,-2.16000,2.41000,2.30000,482,2.18000,2.30000,13449,0.25
84415,20030430,CRYS,CRYSTAL SYSTEMS SOLUTIONS,M7037810,2.18000,2.55000,-2.44500,658,2.41000,2.48000,13449,0.25
84415,20030530,CRYS,CRYSTAL SYSTEMS SOLUTIONS,M7037810,-2.44500,2.70000,2.51000,537,2.50000,2.70000,13449,0.25
84415,20030630,CRYS,CRYSTAL SYSTEMS SOLUTIONS,M7037810,2.64000,3.25000,-3.07500,614,3.05000,3.10000,13449,0.25
84415,20030731,CRYS,CRYSTAL SYSTEMS SOLUTIONS,M7037810,3.05000,3.70000,3.51000,557,3.51000,3.70000,13449,0.25
84415,20030829,BPHX,BLUEPHOENIX SOLUTIONS LTD,M7037810,3.31000,3.69000,3.54000,296,3.37000,3.54000,13449,0.25
84415,20030930,BPHX,BLUEPHOENIX SOLUTIONS LTD,M7037810,3.43100,4.00000,3.75000,605,3.75000,3.84000,13449,0.25
84415,20031031,BPHX,BLUEPHOENIX SOLUTIONS LTD,M7037810,3.75000,4.55000,4.25000,551,4.25000,4.54000,13449,0.25
84415,20031128,BPHX,BLUEPHOENIX SOLUTIONS LTD,M7037810,4.25000,5.50000,5.03000,1462,4.86000,5.03000,13449,0.25
84415,20031231,BPHX,BLUEPHOENIX SOLUTIONS LTD,M7037810,5.20000,7.04000,5.90000,9856,5.96000,5.99000,13484,0.25
84415,20040130,BPHX,BLUEPHOENIX SOLUTIONS LTD,M7037810,5.64000,7.49000,7.15000,5923,6.91000,6.93000,13484,0.25
84415,20040227,BPHX,BLUEPHOENIX SOLUTIONS LTD,M7037810,5.51000,7.08000,5.57000,2857,5.50000,5.57000,13484,0.25
84415,20040331,BPHX,BLUEPHOENIX SOLUTIONS LTD,M7037810,4.63000,5.46000,5.15000,3666,5.14000,5.15000,13484,0.25
84415,20040430,BPHX,BLUEPHOENIX SOLUTIONS LTD,M7037810,5.03000,5.40000,5.18000,1393,5.06000,5.19000,13484,0.25
84415,20040528,BPHX,BLUEPHOENIX SOLUTIONS LTD,M7037810,4.98000,5.39000,5.28000,5303,5.19000,5.28000,13522,0.25
84415,20040630,BPHX,BLUEPHOENIX SOLUTIONS LTD,M7037810,5.05000,5.50000,5.26100,2174,5.26000,5.34000,13522,0.25
84415,20040730,BPHX,BLUEPHOENIX SOLUTIONS LTD,M7037810,4.04000,5.49000,4.20000,1719,4.13000,4.25000,13522,0.25
84415,20040831,BPHX,BLUEPHOENIX SOLUTIONS LTD,M7037810,4.03000,4.92000,4.12000,1811,4.15000,4.34000,13522,0.25
84415,20040930,BPHX,BLUEPHOENIX SOLUTIONS LTD,M7037810,4.10000,4.42000,4.30000,1336,4.23000,4.31000,13522,0.25
84415,20041029,BPHX,BLUEPHOENIX SOLUTIONS LTD,M7037810,4.10000,4.35000,4.10100,694,4.10000,4.23000,13522,0.25
84415,20041130,BPHX,BLUEPHOENIX SOLUTIONS LTD,M7037810,4.03000,4.40900,4.09990,1959,4.10000,4.11000,13522,0.25
84415,20041231,BPHX,BLUEPHOENIX SOLUTIONS LTD,M7037810,3.92000,4.25000,4.25000,3560,4.25000,4.35000,13550,0.25
84415,20050131,BPHX,BLUEPHOENIX SOLUTIONS LTD,M7037810,3.90000,4.20000,3.92000,1852,3.88000,4.06000,13550,0.25
84415,20050228,BPHX,BLUEPHOENIX SOLUTIONS LTD,M7037810,3.91000,4.75000,4.75000,2994,4.70000,4.75000,13550,0.25
84415,20050331,BPHX,BLUEPHOENIX SOLUTIONS LTD,M7037810,4.25000,4.75000,4.39000,2607,4.33000,4.39000,13556,0.25
84415,20050429,BPHX,BLUEPHOENIX SOLUTIONS LTD,M7037810,4.05000,4.47000,4.16000,746,4.10000,4.23000,13556,0.25
84415,20050531,BPHX,BLUEPHOENIX SOLUTIONS LTD,M7037810,3.99000,4.49000,3.99000,428,3.95000,3.99000,13556,0.25
84415,20050630,BPHX,BLUEPHOENIX SOLUTIONS LTD,M7037810,3.91000,4.39000,4.36000,650,4.17000,4.32000,13556,0.25
84415,20050729,BPHX,BLUEPHOENIX SOLUTIONS LTD,M7037810,3.85000,4.25000,-4.05000,261,4.00000,4.10000,13556,0.25
84415,20050831,BPHX,BLUEPHOENIX SOLUTIONS LTD,M7037810,3.85000,4.16000,3.85000,1854,3.85000,4.00000,13556,0.25
84415,20050930,BPHX,BLUEPHOENIX SOLUTIONS LTD,M7037810,3.87000,4.30000,4.29000,673,4.05000,4.29000,13556,0.25
84415,20051031,BPHX,BLUEPHOENIX SOLUTIONS LTD,M7037810,3.81000,4.30000,4.00000,313,4.00000,4.09000,13556,0.25
84415,20051130,BPHX,BLUEPHOENIX SOLUTIONS LTD,M7037810,3.85000,4.10000,4.00000,430,3.94000,4.00000,13557,0.25
84415,20051230,BPHX,BLUEPHOENIX SOLUTIONS LTD,M7037810,3.90000,4.20000,4.08000,985,3.92000,4.02000,13560,0.25
84415,20060131,BPHX,BLUEPHOENIX SOLUTIONS LTD,M7037810,3.85000,4.31000,4.10000,2079,4.10000,4.35000,13560,0.25
84415,20060228,BPHX,BLUEPHOENIX SOLUTIONS LTD,M7037810,4.18000,5.15000,4.90000,3468,4.90000,4.98000,13560,0.25
84415,20060331,BPHX,BLUEPHOENIX SOLUTIONS LTD,M7037810,4.60000,5.23000,5.00000,3218,4.91000,5.00000,13560,0.25
84415,20060428,BPHX,BLUEPHOENIX SOLUTIONS LTD,M7037810,5.00000,5.49000,5.27000,3167,5.27000,5.37000,13560,0.25
84415,20060531,BPHX,BLUEPHOENIX SOLUTIONS LTD,M7037810,5.20000,5.61000,5.25000,3304,5.25000,5.30000,13560,0.25
84415,20060630,BPHX,BLUEPHOENIX SOLUTIONS LTD,M7037810,4.90000,5.30000,5.15000,4242,5.15000,5.19000,13560,0.25
84415,20060731,BPHX,BLUEPHOENIX SOLUTIONS LTD,M7037810,5.11000,5.32000,5.20000,406,5.20000,5.24000,13560,0.25
84415,20060831,BPHX,BLUEPHOENIX SOLUTIONS LTD,M7037810,4.60000,5.70000,-5.50000,4462,5.45000,5.55000,13560,0.25
84415,20060929,BPHX,BLUEPHOENIX SOLUTIONS LTD,M7037810,5.06000,5.65000,5.20000,678,5.17000,5.20000,13913,0.25
84415,20061031,BPHX,BLUEPHOENIX SOLUTIONS LTD,M7037810,-5.12500,5.89000,5.43000,2938,5.40000,5.43000,13913,0.25
84415,20061130,BPHX,BLUEPHOENIX SOLUTIONS LTD,M7037810,5.42000,5.80000,5.65000,3576,5.56000,5.66000,14081,0.25
84415,20061229,BPHX,BLUEPHOENIX SOLUTIONS LTD,M7037810,5.26000,6.45000,6.28000,8440,6.28000,6.29000,14298,0.25
84415,20070131,BPHX,BLUEPHOENIX SOLUTIONS LTD,M7037810,5.94000,6.51000,6.12000,6944,6.09000,6.19000,14298,0.25
84415,20070228,BPHX,BLUEPHOENIX SOLUTIONS LTD,M7037810,6.01000,7.10000,6.64000,15447,6.64000,6.73000,14298,0.25
84415,20070330,BPHX,BLUEPHOENIX SOLUTIONS LTD,M7037810,6.46000,6.92000,6.80000,12248,6.80000,6.84000,15374,0.25
84415,20070430,BPHX,BLUEPHOENIX SOLUTIONS LTD,M7037810,6.62000,7.51000,7.32000,12127,7.31000,7.32000,15374,0.25
84415,20070531,BPHX,BLUEPHOENIX SOLUTIONS LTD,M7037810,7.72000,10.45000,9.82500,75128,9.82000,9.88000,15374,0.25
84415,20070629,BPHX,BLUEPHOENIX SOLUTIONS LTD,M7037810,8.76000,11.89000,11.89000,84274,11.89000,11.95000,16381,0.25
84415,20070731,BPHX,BLUEPHOENIX SOLUTIONS LTD,M7037810,11.86000,14.36010,11.86000,140151,11.71000,11.85000,16381,0.25
84415,20070831,BPHX,BLUEPHOENIX SOLUTIONS LTD,M7037810,11.30000,15.80000,15.80000,152680,15.74000,15.80000,16381,0.25
84415,20070928,BPHX,BLUEPHOENIX SOLUTIONS LTD,M7037810,15.54000,18.41000,18.41000,92472,18.33000,18.39000,17967,0.25
84415,20071031,BPHX,BLUEPHOENIX SOLUTIONS LTD,M7037810,16.98000,21.49000,21.29000,77771,21.30000,21.35000,17967,0.25
84415,20071130,BPHX,BLUEPHOENIX SOLUTIONS LTD,M7037810,14.82000,21.05000,18.20000,91886,18.20000,18.22000,20368,0.25
84415,20071231,BPHX,BLUEPHOENIX SOLUTIONS LTD,M7037810,15.57000,18.94000,18.12000,55247,18.07000,18.13000,20627,0.25
84415,20080131,BPHX,BLUEPHOENIX SOLUTIONS LTD,M7037810,14.91000,20.66000,14.91000,109622,14.86000,14.90000,20627,0.25
84415,20080229,BPHX,BLUEPHOENIX SOLUTIONS LTD,M7037810,9.24000,13.66000,9.97000,156351,9.98000,10.04000,20627,0.25
84415,20080331,BPHX,BLUEPHOENIX SOLUTIONS LTD,M7037810,7.25000,9.25000,8.35000,63499,8.35000,8.39000,20908,0.25
84415,20080430,BPHX,BLUEPHOENIX SOLUTIONS LTD,M7037810,8.55000,9.97000,8.55000,48252,8.54000,8.55000,20908,0.25
84415,20080530,BPHX,BLUEPHOENIX SOLUTIONS LTD,M7037810,9.60000,11.28000,10.75000,76937,10.72000,10.74000,20908,0.25
84415,20080630,BPHX,BLUEPHOENIX SOLUTIONS LTD,M7037810,4.61000,12.07000,4.61000,202961,4.61000,4.62000,20908,0.25
84415,20080731,BPHX,BLUEPHOENIX SOLUTIONS LTD,M7037810,4.21000,5.80000,4.70000,118613,4.70000,4.72000,20908,0.25
84415,20080829,BPHX,BLUEPHOENIX SOLUTIONS LTD,M7037810,4.49000,5.36000,5.36000,51928,5.36000,5.39000,20908,0.25
84415,20080930,BPHX,BLUEPHOENIX SOLUTIONS LTD,M7037810,3.45000,5.40000,3.52000,41744,3.64000,3.66000,20908,0.25
84415,20081031,BPHX,BLUEPHOENIX SOLUTIONS LTD,M7037810,2.21000,3.73000,2.68000,50610,2.62000,2.63000,20908,0.25
84415,20081128,BPHX,BLUEPHOENIX SOLUTIONS LTD,M7037810,1.46000,2.98000,1.79000,54135,1.78000,1.80000,21425,0.25
84415,20081231,BPHX,BLUEPHOENIX SOLUTIONS LTD,M7037810,1.40000,1.98000,1.84000,44012,1.84000,1.86000,20836,0.25
84415,20090130,BPHX,BLUEPHOENIX SOLUTIONS LTD,M7037810,1.93000,2.38000,2.08990,35057,2.08000,2.11000,20836,0.25
84415,20090227,BPHX,BLUEPHOENIX SOLUTIONS LTD,M7037810,1.98000,2.65300,1.98000,20865,1.99000,2.01000,20836,0.25
84415,20090331,BPHX,BLUEPHOENIX SOLUTIONS LTD,M7037810,1.62000,2.00000,1.92000,16269,1.90000,1.92000,20836,0.25
84415,20090430,BPHX,BLUEPHOENIX SOLUTIONS LTD,M7037810,1.79000,2.11000,1.90000,25051,1.89000,1.92000,20836,0.25
84415,20090529,BPHX,BLUEPHOENIX SOLUTIONS LTD,M7037810,1.82000,2.49000,2.21000,40472,2.21000,2.23000,20836,0.25
84415,20090630,BPHX,BLUEPHOENIX SOLUTIONS LTD,M7037810,1.85000,2.45000,2.45000,19574,2.41000,2.45000,20836,0.25
84415,20090731,BPHX,BLUEPHOENIX SOLUTIONS LTD,M7037810,2.11000,3.07010,3.07010,21375,3.07000,3.08000,20836,0.25
84415,20090831,BPHX,BLUEPHOENIX SOLUTIONS LTD,M7037810,2.74000,3.41000,3.29000,24671,3.27000,3.29000,20836,0.25
84415,20090930,BPHX,BLUEPHOENIX SOLUTIONS LTD,M7037810,2.89000,3.85000,3.79000,27039,3.80000,3.81000,20836,0.25
84415,20091030,BPHX,BLUEPHOENIX SOLUTIONS LTD,M7037810,2.62000,3.74000,2.62000,64134,2.60000,2.62000,20836,0.25
84415,20091130,BPHX,BLUEPHOENIX SOLUTIONS LTD,M7037810,2.51000,2.91000,2.61000,25550,2.56000,2.60000,23232,0.25
84415,20091231,BPHX,BLUEPHOENIX SOLUTIONS LTD,M7037810,2.46000,2.65000,2.53000,13783,2.50000,2.53000,23223,0.25
84415,20100129,BPHX,BLUEPHOENIX SOLUTIONS LTD,M7037810,2.67000,2.94000,2.80000,16122,2.76000,2.80000,23223,0.25
84415,20100226,BPHX,BLUEPHOENIX SOLUTIONS LTD,M7037810,2.30000,2.93000,2.34000,20379,2.31000,2.33000,23223,0.25
84415,20100331,BPHX,BLUEPHOENIX SOLUTIONS LTD,M7037810,2.38000,2.62000,2.46000,17415,2.44000,2.46000,23223,0.25
84415,20100430,BPHX,BLUEPHOENIX SOLUTIONS LTD,M7037810,2.07000,2.57000,2.07000,18745,2.05000,2.07000,23223,0.25
84415,20100528,BPHX,BLUEPHOENIX SOLUTIONS LTD,M7037810,1.34000,2.11000,1.44000,23562,1.43000,1.47000,23223,0.25
84415,20100630,BPHX,BLUEPHOENIX SOLUTIONS LTD,M7037810,1.22000,1.49000,1.22000,23768,1.21000,1.23000,23223,0.25
84415,20100730,BPHX,BLUEPHOENIX SOLUTIONS LTD,M7037810,1.20000,1.64000,1.61000,21933,1.58000,1.62000,23223,0.25
84415,20100831,BPHX,BLUEPHOENIX SOLUTIONS LTD,M7037810,1.45000,1.81000,1.53000,14918,1.53000,1.55000,23223,0.25
84415,20100930,BPHX,BLUEPHOENIX SOLUTIONS LTD,M7037810,1.56440,2.35010,2.25000,30478,2.25000,2.28000,23223,0.25
84415,20101029,BPHX,BLUEPHOENIX SOLUTIONS LTD,M7037810,2.17000,2.32000,2.17190,11475,2.17000,2.19000,23223,0.25
84415,20101130,BPHX,BLUEPHOENIX SOLUTIONS LTD,M7037810,1.83000,2.20000,1.83000,18914,1.84000,1.86000,23691,0.25
84415,20101231,BPHX,BLUEPHOENIX SOLUTIONS LTD,M7037810,1.80000,2.10000,2.10000,23919,2.09000,2.10000,23720,0.25
84415,20110131,BPHX,BLUEPHOENIX SOLUTIONS LTD,M7037810,2.26000,2.49990,2.29000,16019,2.28000,2.29000,23720,0.25
84415,20110228,BPHX,BLUEPHOENIX SOLUTIONS LTD,M7037810,1.94000,2.27000,1.94000,11952,1.94000,1.95000,23720,0.25
84415,20110331,BPHX,BLUEPHOENIX SOLUTIONS LTD,M7037810,1.69450,1.93000,1.92000,8211,1.92000,1.93000,24055,0.25
84415,20110429,BPHX,BLUEPHOENIX SOLUTIONS LTD,M7037810,1.82000,1.93000,1.84010,5526,1.84000,1.87000,24055,0.25
84415,20110531,BPHX,BLUEPHOENIX SOLUTIONS LTD,M7037810,1.28900,1.80010,1.28900,4631,1.27000,1.29000,24055,0.25
84415,20110630,BPHX,BLUEPHOENIX SOLUTIONS LTD,M7037810,1.01000,1.27000,1.17000,5181,1.17000,1.19000,24055,0.25
84415,20110729,BPHX,BLUEPHOENIX SOLUTIONS LTD,M7037810,1.06000,1.21000,1.17000,2456,1.17000,1.19000,24055,0.25
84415,20110831,BPHX,BLUEPHOENIX SOLUTIONS LTD,M7037810,0.86990,1.17000,0.99700,4558,0.97020,0.99700,24861,0.25
84415,20110930,BPHX,BLUEPHOENIX SOLUTIONS LTD,M7037810,0.50300,0.88000,0.60000,6915,0.56990,0.60000,24861,0.25
84415,20111031,BPHX,BLUEPHOENIX SOLUTIONS LTD,M7037810,0.55000,0.81010,0.81010,6619,0.81010,0.84000,24861,0.25
84415,20111130,BPHX,BLUEPHOENIX SOLUTIONS LTD,M7037810,0.66900,0.80000,0.68990,14139,0.68000,0.68990,25052,0.25
84415,20111230,BPHX,BLUEPHOENIX SOLUTIONS LTD,M7037810,0.68000,2.99000,2.97000,32309,2.72000,2.97000,6311,1
84415,20120131,BPHX,BLUEPHOENIX SOLUTIONS LTD,M7037810,2.45000,3.02000,2.67000,1779,2.50000,2.67000,6311,1
84415,20120229,BPHX,BLUEPHOENIX SOLUTIONS LTD,M7037810,2.22000,2.64000,2.24000,1391,2.21000,2.25000,6311,1
84415,20120330,BPHX,BLUEPHOENIX SOLUTIONS LTD,M7037810,1.26000,2.13000,1.59000,8678,1.52000,1.58000,6462,1
84415,20120430,BPHX,BLUEPHOENIX SOLUTIONS LTD,M7037810,1.25000,1.84000,1.84000,8543,1.82000,1.83000,6462,1
84415,20120531,BPHX,BLUEPHOENIX SOLUTIONS LTD,M7037810,1.94000,2.24000,2.17000,5136,2.05000,2.16000,6462,1
84415,20120629,BPHX,BLUEPHOENIX SOLUTIONS LTD,M7037810,1.95000,2.60000,2.60000,4148,2.63000,2.70000,6462,1
84415,20120731,BPHX,BLUEPHOENIX SOLUTIONS LTD,M7037810,2.62000,3.52000,3.52000,5236,3.41000,3.53000,6664,1
84415,20120831,BPHX,BLUEPHOENIX SOLUTIONS LTD,M7037810,3.22000,3.60000,3.25000,3388,3.20000,3.23000,6664,1
84415,20120928,BPHX,BLUEPHOENIX SOLUTIONS LTD,M7037810,2.76000,3.97000,3.94000,4724,3.92000,3.94000,6664,1
84415,20121031,BPHX,BLUEPHOENIX SOLUTIONS LTD,M7037810,3.53000,3.87000,3.74000,2613,3.67000,3.74000,6664,1
84415,20121130,BPHX,BLUEPHOENIX SOLUTIONS LTD,M7037810,3.75000,3.97000,3.95000,1957,3.89000,3.94000,6664,1
84415,20121231,BPHX,BLUEPHOENIX SOLUTIONS LTD,M7037810,3.90000,4.29000,4.29000,3014,4.24000,4.28000,10629,1
84415,20130131,BPHX,BLUEPHOENIX SOLUTIONS LTD,M7037810,3.95000,4.31000,4.23000,1401,4.13000,4.23000,10629,1
84415,20130228,BPHX,BLUEPHOENIX SOLUTIONS LTD,M7037810,4.00000,4.58000,4.49000,851,4.36000,4.49000,10629,1
84415,20130328,BPHX,BLUEPHOENIX SOLUTIONS LTD,M7037810,4.11000,4.48000,4.34000,1923,4.11000,4.35000,10629,1
84415,20130430,BPHX,BLUEPHOENIX SOLUTIONS LTD,M7037810,3.46000,4.27000,3.57000,4467,3.58000,3.69000,10678,1
84415,20130531,BPHX,BLUEPHOENIX SOLUTIONS LTD,M7037810,3.69010,4.24000,4.01000,1394,3.95000,4.00000,10678,1
84415,20130628,BPHX,BLUEPHOENIX SOLUTIONS LTD,M7037810,3.93250,4.07000,4.07000,676,4.06000,4.08000,10678,1
84415,20130731,BPHX,BLUEPHOENIX SOLUTIONS LTD,M7037810,-4.07500,4.24000,4.22000,552,4.08000,4.22000,10678,1
84415,20130830,BPHX,BLUEPHOENIX SOLUTIONS LTD,M7037810,4.23000,4.70100,4.41000,548,4.40000,4.50000,10678,1
84415,20130930,BPHX,BLUEPHOENIX SOLUTIONS LTD,M7037810,4.21000,4.50000,4.36000,1007,4.36000,4.47000,10766,1
84415,20131031,BPHX,BLUEPHOENIX SOLUTIONS LTD,M7037810,4.05000,4.39000,4.30000,1242,4.29000,4.30000,10766,1
84415,20131129,BPHX,BLUEPHOENIX SOLUTIONS LTD,M7037810,3.97000,4.70000,4.70000,559,4.50000,4.70000,10766,1
84415,20131231,BPHX,BLUEPHOENIX SOLUTIONS LTD,M7037810,4.29000,4.79500,4.60000,928,4.47000,4.60000,11404,1
84415,20140131,BPHX,BLUEPHOENIX SOLUTIONS LTD,M7037810,4.21000,4.60000,4.21000,459,4.21000,4.29000,11404,1
84415,20140228,BPHX,BLUEPHOENIX SOLUTIONS LTD,M7037810,4.20000,4.54000,4.50000,243,4.35000,4.50000,11404,1
84415,20140331,BPHX,BLUEPHOENIX SOLUTIONS LTD,M7037810,4.25000,4.50000,4.35000,296,4.26000,4.35000,11468,1
84415,20140430,BPHX,BLUEPHOENIX SOLUTIONS LTD,M7037810,4.19000,4.48000,4.35000,186,4.15000,4.35000,11468,1
84415,20140530,BPHX,BLUEPHOENIX SOLUTIONS LTD,M7037810,4.10000,4.30000,-4.10000,260,4.05000,4.15000,11468,1
84415,20140630,BPHX,BLUEPHOENIX SOLUTIONS LTD,M7037810,4.00010,4.16000,4.16000,1011,4.11000,4.16000,11506,1
84415,20140731,BPHX,BLUEPHOENIX SOLUTIONS LTD,M7037810,3.93010,4.13000,4.13000,2036,4.00000,4.20000,11506,1
84415,20140829,BPHX,BLUEPHOENIX SOLUTIONS LTD,M7037810,3.61000,4.05000,3.88000,1018,3.85000,3.94000,11513,1
84415,20140930,BPHX,BLUEPHOENIX SOLUTIONS LTD,M7037810,3.55010,3.81000,-3.59500,130,3.50000,3.69000,11621,1
84415,20141031,BPHX,BLUEPHOENIX SOLUTIONS LTD,M7037810,3.14000,3.68000,3.63600,397,3.62000,3.69000,11621,1
84415,20141128,BPHX,BLUEPHOENIX SOLUTIONS LTD,M7037810,3.40000,3.68000,3.49000,685,3.40000,3.49000,11621,1
84415,20141231,MDSY,BLUEPHOENIX SOLUTIONS LTD,M7037810,3.20000,3.75000,3.46000,834,3.46000,3.55000,17844,1
84415,20150130,MDSY,MODSYS INTERNATIONAL LTD,M7037810,3.05000,3.46000,-3.07500,223,2.95000,3.20000,17844,1
84415,20150227,MDSY,MODSYS INTERNATIONAL LTD,M7037810,2.60000,-3.12500,2.96000,372,2.55000,3.00000,17844,1
84415,20150331,MDSY,MODSYS INTERNATIONAL LTD,M7037810,2.20000,2.99000,2.85540,2031,2.85000,3.00000,17897,1
84415,20150430,MDSY,MODSYS INTERNATIONAL LTD,M7037810,2.26010,3.10000,-2.62000,157,2.29000,2.95000,17897,1
84415,20150529,MDSY,MODSYS INTERNATIONAL LTD,M7037810,2.17000,2.90000,2.20000,384,2.12000,2.25000,17897,1
84415,20150630,MDSY,MODSYS INTERNATIONAL LTD,M7037810,1.78000,2.13000,-1.83000,163,1.80000,1.86000,17926,1
85914,20000929,BBY,BEST BUY COMPANY INC,08651610,61.00000,70.37500,63.62500,322937,63.50000,63.68750,206755,2.25
85914,20001031,BBY,BEST BUY COMPANY INC,08651610,40.12500,62.50000,50.18750,597647,49.50000,50.87500,206755,2.25
85914,20001130,BBY,BEST BUY COMPANY INC,08651610,25.75000,54.37500,25.75000,765057,,,206755,2.25
85914,20001229,BBY,BEST BUY COMPANY INC,08651610,22.31250,30.62500,29.56250,658831,,,206755,2.25
85914,20010131,BBY,BEST BUY COMPANY INC,08651610,28.00000,49.80000,49.80000,533040,49.00000,50.70000,207759,2.25
85914,20010228,BBY,BEST BUY COMPANY INC,08651610,38.85000,48.08000,40.96000,428417,,,207759,2.25
85914,20010330,BBY,BEST BUY COMPANY INC,08651610,35.89000,47.00000,35.96000,623388,,,207759,2.25
85914,20010430,BBY,BEST BUY COMPANY INC,08651610,36.80000,55.59000,55.05000,693259,,,207759,2.25
85914,20010531,BBY,BEST BUY COMPANY INC,08651610,51.50000,62.11000,53.15000,493306,53.04000,53.26000,209382,2.25
85914,20010629,BBY,BEST BUY COMPANY INC,08651610,54.00000,63.52000,63.52000,482933,63.53000,63.66000,209382,2.25
85914,20010731,BBY,BEST BUY COMPANY INC,08651610,64.37000,69.42000,66.96000,504007,66.89000,67.04000,209988,2.25
85914,20010831,BBY,BEST BUY COMPANY INC,08651610,57.80000,67.78000,58.98000,642345,58.86000,58.99000,209988,2.25
85914,20010928,BBY,BEST BUY COMPANY INC,08651610,42.39000,60.29000,45.45000,783718,45.21000,45.55000,209988,2.25
85914,20011031,BBY,BEST BUY COMPANY INC,08651610,43.35000,55.98000,54.90000,820283,54.79000,55.00000,210860,2.25
85914,20011130,BBY,BEST BUY COMPANY INC,08651610,57.60000,71.39000,71.39000,732660,71.22000,71.77000,210860,2.25
85914,20011231,BBY,BEST BUY COMPANY INC,08651610,66.05000,74.63000,74.48000,651610,74.43000,74.75000,210860,2.25
85914,20020131,BBY,BEST BUY COMPANY INC,08651610,70.66000,75.16000,74.00000,569669,73.70000,74.25000,211670,2.25
85914,20020228,BBY,BEST BUY COMPANY INC,08651610,65.70000,74.90000,67.40000,709055,67.35000,67.75000,211670,2.25
85914,20020328,BBY,BEST BUY COMPANY INC,08651610,67.25000,80.05000,79.20000,583593,78.82000,79.59000,212463,2.25
85914,20020430,BBY,BEST BUY COMPANY INC,08651610,74.35000,79.48000,74.35000,497869,74.23000,74.50000,212463,2.25
85914,20020531,BBY,BEST BUY COMPANY INC,08651610,45.05000,74.80000,46.20000,601435,46.07000,46.28000,318694,1.5
85914,20020628,BBY,BEST BUY COMPANY INC,08651610,34.42000,45.52000,36.30000,1022809,36.25000,36.60000,320568,1.5
85914,20020731,BBY,BEST BUY COMPANY INC,08651610,28.62000,36.91000,32.90000,901195,32.60000,33.06000,321378,1.5
85914,20020830,BBY,BEST BUY COMPANY INC,08651610,19.55000,31.00000,21.20000,1739478,21.12000,21.30000,321378,1.5
85914,20020930,BBY,BEST BUY COMPANY INC,08651610,20.40000,25.46000,22.31000,956215,22.22000,22.31000,321378,1.5
85914,20021031,BBY,BEST BUY COMPANY INC,08651610,17.98000,22.78000,20.61000,1313415,20.61000,20.72000,321579,1.5
85914,20021129,BBY,BEST BUY COMPANY INC,08651610,17.68000,27.68000,27.68000,1351960,27.46000,27.70000,321579,1.5
85914,20021231,BBY,BEST BUY COMPANY INC,08651610,22.49000,28.05000,24.15000,1029062,24.05000,24.12000,321579,1.5
85914,20030131,BBY,BEST BUY COMPANY INC,08651610,23.86000,28.85000,26.09000,858670,26.09000,26.10000,321725,1.5
85914,20030228,BBY,BEST BUY COMPANY INC,08651610,25.71000,29.07000,29.07000,659880,28.96000,29.18000,321725,1.5
85914,20030331,BBY,BEST BUY COMPANY INC,08651610,26.66000,31.14000,26.97000,953886,26.87000,27.05000,321725,1.5
85914,20030430,BBY,BEST BUY COMPANY INC,08651610,27.35000,34.58000,34.58000,876196,34.57000,34.58000,321725,1.5
85914,20030530,BBY,BEST BUY COMPANY INC,08651610,33.76000,38.70000,38.70000,765909,38.74000,38.75000,322243,1.5
85914,20030630,BBY,BEST BUY COMPANY INC,08651610,39.20000,44.17000,43.92000,857834,43.83000,43.86000,322243,1.5
85914,20030731,BBY,BEST BUY COMPANY INC,08651610,42.11000,47.32000,43.65000,650054,43.52000,43.76000,322399,1.5
85914,20030829,BBY,BEST BUY COMPANY INC,08651610,40.18000,52.01000,52.01000,867531,52.00000,52.01000,322399,1.5
85914,20030930,BBY,BEST BUY COMPANY INC,08651610,47.49000,53.16000,47.52000,940612,47.54000,47.56000,322399,1.5
85914,20031031,BBY,BEST BUY COMPANY INC,08651610,48.92000,58.31000,58.31000,789264,58.27000,58.32000,323627,1.5
85914,20031128,BBY,BEST BUY COMPANY INC,08651610,57.38000,62.00000,62.00000,610341,61.93000,61.96000,323627,1.5
85914,20031231,BBY,BEST BUY COMPANY INC,08651610,49.50000,60.87000,52.24000,1338596,52.23000,52.25000,323627,1.5
85914,20040130,BBY,BEST BUY COMPANY INC,08651610,50.39000,54.18000,50.39000,754348,50.36000,50.37000,324671,1.5
85914,20040227,BBY,BEST BUY COMPANY INC,08651610,50.20000,54.55000,53.25000,615620,53.20000,53.24000,324671,1.5
85914,20040331,BBY,BEST BUY COMPANY INC,08651610,45.61000,54.31000,51.72000,1031673,51.64000,51.68000,324671,1.5
85914,20040430,BBY,BEST BUY COMPANY INC,08651610,51.09000,55.74000,54.25000,761925,54.18000,54.20000,325337,1.5
85914,20040528,BBY,BEST BUY COMPANY INC,08651610,49.91000,54.31000,52.76000,695901,52.79000,52.80000,324487,1.5
85914,20040630,BBY,BEST BUY COMPANY INC,08651610,50.70000,53.63000,50.74000,632316,50.73000,50.74000,324845,1.5
85914,20040730,BBY,BEST BUY COMPANY INC,08651610,46.05000,50.16000,48.16000,672977,48.16000,48.17000,324845,1.5
85914,20040831,BBY,BEST BUY COMPANY INC,08651610,44.27000,49.50000,46.52000,948755,46.54000,46.55000,324845,1.5
85914,20040930,BBY,BEST BUY COMPANY INC,08651610,46.75000,55.00000,54.24000,800413,54.20000,54.21000,324397,1.5
85914,20041029,BBY,BEST BUY COMPANY INC,08651610,54.26000,59.46000,59.22000,577444,59.15000,59.21000,324397,1.5
85914,20041130,BBY,BEST BUY COMPANY INC,08651610,56.38000,62.00000,56.38000,706011,56.43000,56.44000,324397,1.5
85914,20041231,BBY,BEST BUY COMPANY INC,08651610,55.85000,59.60000,59.42000,754053,59.43000,59.45000,324397,1.5
85914,20050131,BBY,BEST BUY COMPANY INC,08651610,53.79000,59.28000,53.79000,712467,53.83000,53.84000,328075,1.5
85914,20050228,BBY,BEST BUY COMPANY INC,08651610,51.40000,55.90000,54.02000,594639,53.95000,53.97000,328075,1.5
85914,20050331,BBY,BEST BUY COMPANY INC,08651610,51.37000,54.48000,54.01000,813580,54.01000,54.02000,328075,1.5
85914,20050429,BBY,BEST BUY COMPANY INC,08651610,48.47000,51.52000,50.34000,843680,50.29000,50.32000,328075,1.5
85914,20050531,BBY,BEST BUY COMPANY INC,08651610,50.10000,54.87000,54.43000,484039,54.44000,54.49000,327786,1.5
85914,20050630,BBY,BEST BUY COMPANY INC,08651610,56.30000,69.31000,68.55000,1031357,68.50000,68.56000,325144,1.5
85914,20050729,BBY,BEST BUY COMPANY INC,08651610,68.78000,78.47000,76.60000,623783,76.60000,76.61000,328075,1.5
85914,20050831,BBY,BEST BUY COMPANY INC,08651610,45.44000,77.82000,47.66000,945667,47.63000,47.65000,492113,1
85914,20050930,BBY,BEST BUY COMPANY INC,08651610,41.00000,50.36000,43.53000,1483154,43.54000,43.56000,492113,1
85914,20051031,BBY,BEST BUY COMPANY INC,08651610,40.93000,45.35000,44.26000,940253,44.25000,44.26000,492444,1
85914,20051130,BBY,BEST BUY COMPANY INC,08651610,43.89000,50.63000,48.24000,1088309,48.24000,48.25000,492444,1
85914,20051230,BBY,BEST BUY COMPANY INC,08651610,43.25000,50.16000,43.48000,1343909,43.45000,43.46000,492444,1
85914,20060131,BBY,BEST BUY COMPANY INC,08651610,43.50000,50.66000,50.66000,974567,50.67000,50.71000,492444,1
85914,20060228,BBY,BEST BUY COMPANY INC,08651610,48.59000,55.11000,53.86000,741183,53.81000,53.85000,492444,1
85914,20060331,BBY,BEST BUY COMPANY INC,08651610,52.70000,57.00000,55.93000,786836,55.93000,55.94000,492444,1
85914,20060428,BBY,BEST BUY COMPANY INC,08651610,55.44000,58.72000,56.66000,590973,56.62000,56.65000,492444,1
85914,20060531,BBY,BEST BUY COMPANY INC,08651610,50.79000,58.32000,53.00000,776468,52.97000,52.98000,485671,1
85914,20060630,BBY,BEST BUY COMPANY INC,08651610,49.03000,55.21000,54.84000,963425,54.85000,54.92000,484014,1
85914,20060731,BBY,BEST BUY COMPANY INC,08651610,43.96000,54.63000,45.34000,1137697,45.39000,45.41000,484014,1
85914,20060831,BBY,BEST BUY COMPANY INC,08651610,44.71000,49.18000,47.00000,972956,46.95000,46.98000,484014,1
85914,20060929,BBY,BEST BUY COMPANY INC,08651610,45.01000,55.53000,53.56000,1435851,53.54000,53.56000,484014,1
85914,20061031,BBY,BEST BUY COMPANY INC,08651610,53.23000,58.15000,55.25000,859863,55.17000,55.19000,480250,1
85914,20061130,BBY,BEST BUY COMPANY INC,08651610,51.39000,55.84000,54.97000,1045295,54.92000,54.91000,480250,1
85914,20061229,BBY,BEST BUY COMPANY INC,08651610,48.36000,54.47000,49.19000,1667122,49.13000,49.16000,480250,1
85914,20070131,BBY,BEST BUY COMPANY INC,08651610,48.65000,50.40000,50.40000,1206579,50.40000,50.42000,481927,1
85914,20070228,BBY,BEST BUY COMPANY INC,08651610,46.48000,51.19000,46.48000,740772,46.47000,46.48000,481927,1
85914,20070330,BBY,BEST BUY COMPANY INC,08651610,45.63000,50.02000,48.72000,1202291,48.69000,48.70000,481927,1
85914,20070430,BBY,BEST BUY COMPANY INC,08651610,46.52000,49.13000,46.65000,1178246,46.65000,46.71000,481927,1
85914,20070531,BBY,BEST BUY COMPANY INC,08651610,46.21000,48.29000,48.29000,1121912,48.25000,48.28000,479304,1
85914,20070629,BBY,BEST BUY COMPANY INC,08651610,44.43000,49.08000,46.67000,1797299,46.62000,46.63000,479304,1
85914,20070731,BBY,BEST BUY COMPANY INC,08651610,44.21000,48.35000,44.59000,1305734,44.50000,44.62000,473898,1
85914,20070831,BBY,BEST BUY COMPANY INC,08651610,43.05000,45.27000,43.95000,1474179,43.93000,43.96000,473898,1
85914,20070928,BBY,BEST BUY COMPANY INC,08651610,42.69000,47.47000,46.02000,1333536,45.99000,46.02000,473898,1
85914,20071031,BBY,BEST BUY COMPANY INC,08651610,46.94000,49.78000,48.52000,1346861,48.45000,48.49000,417777,1
85914,20071130,BBY,BEST BUY COMPANY INC,08651610,45.02000,51.05000,51.05000,1520324,51.07000,51.12000,417777,1
85914,20071231,BBY,BEST BUY COMPANY INC,08651610,50.34000,53.38000,52.65000,1425401,52.59000,52.61000,417777,1
85914,20080131,BBY,BEST BUY COMPANY INC,08651610,43.89000,51.22000,48.73000,2226288,48.70000,48.73000,419484,1
85914,20080229,BBY,BEST BUY COMPANY INC,08651610,43.01000,48.47000,43.01000,1631668,43.04000,43.07000,419484,1
85914,20080331,BBY,BEST BUY COMPANY INC,08651610,39.43000,43.28000,41.46000,1539446,41.32000,41.45000,419484,1
85914,20080430,BBY,BEST BUY COMPANY INC,08651610,41.03000,45.32000,43.02000,1374968,43.05000,43.06000,411795,1
85914,20080530,BBY,BEST BUY COMPANY INC,08651610,41.93000,46.69000,46.69000,1206399,46.72000,46.75000,411800,1
85914,20080630,BBY,BEST BUY COMPANY INC,08651610,39.60000,47.52000,39.60000,1648729,39.52000,39.57000,411800,1
85914,20080731,BBY,BEST BUY COMPANY INC,08651610,37.22000,40.80000,39.72000,1463726,39.74000,39.85000,411930,1
85914,20080829,BBY,BEST BUY COMPANY INC,08651610,39.75000,46.84000,44.77000,1341735,44.81000,44.81000,411930,1
85914,20080930,BBY,BEST BUY COMPANY INC,08651610,36.58000,46.93000,37.50000,2029800,37.50000,37.51000,411930,1
85914,20081031,BBY,BEST BUY COMPANY INC,08651610,21.51000,36.52000,26.88000,2499876,26.83000,26.85000,412332,1
85914,20081128,BBY,BEST BUY COMPANY INC,08651610,17.42000,27.76000,20.71000,2094999,20.72000,20.72000,412332,1
85914,20081231,BBY,BEST BUY COMPANY INC,08651610,19.02000,28.58000,28.11000,1812488,28.06000,28.18000,412332,1
85914,20090130,BBY,BEST BUY COMPANY INC,08651610,26.12000,31.25000,28.02000,1891629,28.02000,28.05000,413429,1
85914,20090227,BBY,BEST BUY COMPANY INC,08651610,27.29000,30.35000,28.82000,1865163,28.83000,28.85000,413429,1
85914,20090331,BBY,BEST BUY COMPANY INC,08651610,24.71000,38.04000,37.96000,2847993,37.90000,38.03000,413429,1
85914,20090430,BBY,BEST BUY COMPANY INC,08651610,37.53000,41.09000,38.38000,1673193,38.32000,38.37000,416280,1
85914,20090529,BBY,BEST BUY COMPANY INC,08651610,34.94000,40.87000,35.10000,1613602,35.07000,35.15000,416280,1
85914,20090630,BBY,BEST BUY COMPANY INC,08651610,32.97000,39.52000,33.49000,1809982,33.44000,33.46000,416280,1
85914,20090731,BBY,BEST BUY COMPANY INC,08651610,31.35000,37.38000,37.37000,1373699,37.31000,37.33000,416359,1
85914,20090831,BBY,BEST BUY COMPANY INC,08651610,34.75000,39.75000,36.28000,1209589,36.29000,36.30000,416359,1
85914,20090930,BBY,BEST BUY COMPANY INC,08651610,36.09000,41.14000,37.52000,1666391,37.47000,37.49000,416359,1
85914,20091030,BBY,BEST BUY COMPANY INC,08651610,36.41000,40.92000,38.18000,1073644,38.18000,38.19000,416539,1
85914,20091130,BBY,BEST BUY COMPANY INC,08651610,38.89000,43.71000,42.83000,1049780,42.83000,42.84000,416539,1
85914,20091231,BBY,BEST BUY COMPANY INC,08651610,39.46000,45.37000,39.46000,1698709,39.46000,39.49000,416539,1
85914,20100129,BBY,BEST BUY COMPANY INC,08651610,36.35000,41.54000,36.65000,1361504,36.63000,36.64000,418032,1
85914,20100226,BBY,BEST BUY COMPANY INC,08651610,35.40000,37.28000,36.50000,1047694,36.51000,36.52000,418032,1
85914,20100331,BBY,BEST BUY COMPANY INC,08651610,36.45000,43.16000,42.54000,1898953,42.54000,42.55000,418032,1
85914,20100430,BBY,BEST BUY COMPANY INC,08651610,42.57000,48.58000,45.52000,1461548,45.55000,45.56000,421900,1
85914,20100528,BBY,BEST BUY COMPANY INC,08651610,40.56000,46.11000,42.25000,1558623,42.22000,42.24000,421963,1
85914,20100630,BBY,BEST BUY COMPANY INC,08651610,33.86000,41.20000,33.86000,1952570,33.82000,33.83000,420062,1
85914,20100730,BBY,BEST BUY COMPANY INC,08651610,33.13000,36.90000,34.66000,1436009,34.64000,34.65000,416930,1
85914,20100831,BBY,BEST BUY COMPANY INC,08651610,31.39000,35.84000,31.39000,1198004,31.41000,31.42000,416930,1
85914,20100930,BBY,BEST BUY COMPANY INC,08651610,32.66000,40.83000,40.83000,1447090,40.84000,40.85000,416930,1
85914,20101029,BBY,BEST BUY COMPANY INC,08651610,40.25000,43.08000,42.98000,1190962,42.96000,42.97000,397841,1
85914,20101130,BBY,BEST BUY COMPANY INC,08651610,42.17000,44.86000,42.72000,973281,42.71000,42.72000,397841,1
85914,20101231,BBY,BEST BUY COMPANY INC,08651610,33.46000,43.56000,34.29000,2325811,34.29000,34.31000,397841,1
85914,20110131,BBY,BEST BUY COMPANY INC,08651610,34.00000,35.91000,34.00000,1401757,34.03000,34.04000,394196,1
85914,20110228,BBY,BEST BUY COMPANY INC,08651610,32.17000,35.24000,32.24000,1301073,32.25000,32.26000,394196,1
85914,20110331,BBY,BEST BUY COMPANY INC,08651610,28.72000,33.03000,28.72000,2130157,28.70000,28.71000,394196,1
85914,20110429,BBY,BEST BUY COMPANY INC,08651610,28.15000,31.22000,31.22000,1712459,31.19000,31.21000,389520,1
85914,20110531,BBY,BEST BUY COMPANY INC,08651610,30.38000,32.31000,31.76000,1204505,31.74000,31.75000,388718,1
85914,20110630,BBY,BEST BUY COMPANY INC,08651610,28.43000,32.48000,31.41000,2009067,31.41000,31.42000,388718,1
85914,20110729,BBY,BEST BUY COMPANY INC,08651610,27.60000,32.28000,27.60000,1241031,27.58000,27.60000,373913,1
85914,20110831,BBY,BEST BUY COMPANY INC,08651610,23.68000,26.98000,25.59000,1732787,25.57000,25.58000,373913,1
85914,20110930,BBY,BEST BUY COMPANY INC,08651610,23.30000,25.68000,23.30000,1806728,23.29000,23.30000,362295,1
85914,20111031,BBY,BEST BUY COMPANY INC,08651610,22.12000,27.05000,26.23000,1229557,26.21000,26.22000,362295,1
85914,20111130,BBY,BEST BUY COMPANY INC,08651610,25.63000,28.09000,27.09000,1286355,27.06000,27.07000,362295,1
85914,20111230,BBY,BEST BUY COMPANY INC,08651610,22.56000,28.37000,23.37000,1632244,23.36000,23.37000,353399,1
85914,20120131,BBY,BEST BUY COMPANY INC,08651610,23.23000,25.71000,23.95000,1127050,23.94000,23.95000,350317,1
85914,20120229,BBY,BEST BUY COMPANY INC,08651610,23.86000,25.91000,24.70000,943803,24.70000,24.71000,350317,1
85914,20120330,BBY,BEST BUY COMPANY INC,08651610,23.68000,27.51000,23.68000,1775770,23.68000,23.69000,350317,1
85914,20120430,BBY,BEST BUY COMPANY INC,08651610,21.32000,23.64000,22.07000,1908625,22.06000,22.07000,350317,1
85914,20120531,BBY,BEST BUY COMPANY INC,08651610,18.02000,22.45000,18.72000,1690514,18.72000,18.73000,342199,1
85914,20120629,BBY,BEST BUY COMPANY INC,08651610,18.22000,20.96000,20.96000,2082911,20.97000,20.98000,339903,1
85914,20120731,BBY,BEST BUY COMPANY INC,08651610,17.23000,22.20000,18.09000,2037792,18.06000,18.07000,339903,1
85914,20120831,BBY,BEST BUY COMPANY INC,08651610,17.31000,20.41000,17.74000,2901620,17.73000,17.74000,339903,1
85914,20120928,BBY,BEST BUY COMPANY INC,08651610,16.93000,18.58000,17.20000,1081986,17.19000,17.20000,336667,1
85914,20121031,BBY,BEST BUY COMPANY INC,08651610,14.96000,18.40000,15.21000,1072069,15.22000,15.23000,336667,1
85914,20121130,BBY,BEST BUY COMPANY INC,08651610,11.57000,15.85000,13.11000,2169116,13.10000,13.11000,336667,1
85914,20121231,BBY,BEST BUY COMPANY INC,08651610,11.29000,14.12000,11.85000,2167026,11.84000,11.85000,336667,1
85914,20130131,BBY,BEST BUY COMPANY INC,08651610,11.59000,16.26000,16.26000,2185514,16.27000,16.28000,336667,1
85914,20130228,BBY,BEST BUY COMPANY INC,08651610,15.12000,17.41000,16.41000,1627197,16.44000,16.45000,336667,1
85914,20130328,BBY,BEST BUY COMPANY INC,08651610,17.16000,23.20000,22.15000,3002615,22.15000,22.16000,338771,1
85914,20130430,BBY,BEST BUY COMPANY INC,08651610,21.64000,25.99000,25.99000,2776681,25.98000,25.99000,338771,1
85914,20130531,BBY,BEST BUY COMPANY INC,08651610,25.31000,27.74000,27.55000,1493808,27.55000,27.56000,339695,1
85914,20130628,BBY,BEST BUY COMPANY INC,08651610,26.32000,28.06000,27.33000,1062830,27.32000,27.33000,339847,1
85914,20130731,BBY,BEST BUY COMPANY INC,08651610,28.47000,30.09000,30.09000,1006599,30.07000,30.08000,339847,1
85914,20130830,BBY,BEST BUY COMPANY INC,08651610,30.37000,36.35000,36.00000,1480537,35.98000,35.99000,339847,1
85914,20130930,BBY,BEST BUY COMPANY INC,08651610,36.99000,39.10000,37.50000,991006,37.49000,37.50000,341510,1
85914,20131031,BBY,BEST BUY COMPANY INC,08651610,35.67000,43.08000,42.80000,1280876,42.81000,42.82000,341510,1
85914,20131129,BBY,BEST BUY COMPANY INC,08651610,38.71000,44.33000,40.55000,1433444,40.56000,40.57000,341510,1
85914,20131231,BBY,BEST BUY COMPANY INC,08651610,39.66000,42.80000,39.88000,937915,39.86000,39.87000,346008,1
85914,20140131,BBY,BEST BUY COMPANY INC,08651610,22.72000,40.68000,23.54000,3536774,23.54000,23.55000,346008,1
85914,20140228,BBY,BEST BUY COMPANY INC,08651610,22.78000,26.63000,26.63000,1908913,26.63000,26.64000,346008,1
85914,20140331,BBY,BEST BUY COMPANY INC,08651610,25.29000,26.96000,26.41000,1322573,26.40000,26.41000,347044,1
85914,20140430,BBY,BEST BUY COMPANY INC,08651610,24.12000,27.70000,25.93000,1291060,25.92000,25.93000,348421,1
85914,20140530,BBY,BEST BUY COMPANY INC,08651610,24.66000,27.66000,27.66000,1214194,27.65000,27.66000,348421,1
85914,20140630,BBY,BEST BUY COMPANY INC,08651610,27.46000,31.04000,31.01000,827527,31.01000,31.02000,348804,1
85914,20140731,BBY,BEST BUY COMPANY INC,08651610,29.46000,32.10000,29.73000,841759,29.72000,29.73000,348804,1
85914,20140829,BBY,BEST BUY COMPANY INC,08651610,29.03000,32.24000,31.89000,1201776,31.88000,31.89000,348804,1
85914,20140930,BBY,BEST BUY COMPANY INC,08651610,31.23000,34.96000,33.59000,1118055,33.59000,33.60000,349616,1
85914,20141031,BBY,BEST BUY COMPANY INC,08651610,29.72000,34.14000,34.14000,1223131,34.14000,34.15000,349616,1
85914,20141128,BBY,BEST BUY COMPANY INC,08651610,34.36000,39.41000,39.41000,1255954,39.41000,39.42000,349616,1
85914,20141231,BBY,BEST BUY COMPANY INC,08651610,35.63000,39.69000,38.98000,1234959,38.97000,38.98000,350760,1
85914,20150130,BBY,BEST BUY COMPANY INC,08651610,34.04000,39.91000,35.20000,1654392,35.19000,35.20000,350760,1
85914,20150227,BBY,BEST BUY COMPANY INC,08651610,34.97000,39.28000,38.10000,930509,38.10000,38.11000,350760,1
85914,20150331,BBY,BEST BUY COMPANY INC,08651610,37.79000,41.77000,37.79000,1150706,37.78000,37.79000,352186,1
85914,20150430,BBY,BEST BUY COMPANY INC,08651610,34.65000,38.71000,34.65000,862383,34.70000,34.71000,352334,1
85914,20150529,BBY,BEST BUY COMPANY INC,08651610,33.78000,36.97000,34.70000,1115419,34.70000,34.71000,352334,1
85914,20150630,BBY,BEST BUY COMPANY INC,08651610,32.61000,35.07000,32.61000,802316,32.61000,32.62000,352771,1
